file_name,parent_dir,driving_freq,response_amp,response_amp_err,driving_amp,driving_amp_err,phase,phase_err
auto_freq_scan-11-16-23.csv,19-09-csv,0.9,0.003981261144837993,2.4450679913880102e-05,9.253132983822185,0.016556827133026475,-0.20693600651563518,0.009124482889899295
auto_freq_scan-11-18-23.csv,19-09-csv,0.9,0.010705558824035651,2.6480106380994356e-05,19.305892920208066,0.016366775726909356,-0.18235403924364818,0.00871976862878472
auto_freq_scan-11-20-23.csv,19-09-csv,0.9,0.018506564050485896,2.8383732822686152e-05,29.28748925441192,0.016991752958868397,-0.1526156116220681,0.0073863579550429
auto_freq_scan-11-22-23.csv,19-09-csv,0.9,0.026950187679634852,3.088177771500141e-05,39.30693267523957,0.016143850811003065,-0.12165287467793709,0.006379681945654224
auto_freq_scan-11-24-23.csv,19-09-csv,0.9,0.034906445512318,3.181657022584184e-05,49.24842547662689,0.017409555362370703,-0.11100038828027073,0.008232865595761262
auto_freq_scan-11-26-23.csv,19-09-csv,0.9,0.04181070288020169,3.562071576717309e-05,59.3303098305397,0.017924491910883966,-0.1024812100389927,0.002779317532336539
auto_freq_scan-11-28-23.csv,19-09-csv,0.9,0.051314718661405814,3.175106897002957e-05,69.18798610462578,0.031771189200488575,-0.0993760618699887,0.005282246652420217
auto_freq_scan-11-30-23.csv,19-09-csv,0.9,0.05997283660775275,3.67170821915065e-05,79.1517156001132,0.033770838446513865,-0.08590486144487587,0.008252737108597037
auto_freq_scan-11-32-22.csv,19-09-csv,0.9,0.06845734451483594,3.680376379969645e-05,89.14631770224413,0.030985574053707516,-0.07885135759142488,0.0026109816786453856
auto_freq_scan-11-34-22.csv,19-09-csv,0.9,0.07751653789108638,6.831983332404752e-05,99.167981934274,0.03952377559067327,-0.06303636053889769,0.005357902833504677
auto_freq_scan-11-36-22.csv,19-09-csv,0.9,0.0866757191012251,0.00010374254854135437,109.17066310995193,0.0386059874941924,-0.05462786210314732,0.004789847025903733
auto_freq_scan-11-40-22.csv,19-09-csv,0.9,0.10269471291116972,9.016288142096761e-05,129.16164658925265,0.044241484973180936,-0.05202269938958555,0.002481129463248713
auto_freq_scan-11-42-22.csv,19-09-csv,0.9,0.11041087971123412,8.993986031689319e-05,139.1962597634925,0.045720470757980934,-0.05347242068426326,0.006935139731326464
auto_freq_scan-11-44-22.csv,19-09-csv,0.9,0.1184524681787144,9.787498734250615e-05,149.17011028277267,0.0465334978382856,-0.04971835233983218,0.0034854798519086305
auto_freq_scan-11-46-22.csv,19-09-csv,0.9,0.12610357518177753,7.778512301189296e-05,159.07963813900312,0.05567036018672945,-0.04991427324051764,0.003051142718057852
auto_freq_scan-11-48-22.csv,19-09-csv,0.9,0.1339557916757773,0.00010607476599306532,169.02221241788482,0.06125148135907984,-0.04947664117016481,0.007234510318508117
auto_freq_scan-11-50-22.csv,19-09-csv,0.9,0.14200350169870393,0.00012187947644829208,179.05793182773604,0.060333892713499516,-0.04799199693444685,0.0024354380191684843
auto_freq_scan-11-52-22.csv,19-09-csv,0.9,0.14988443175898125,0.0001278592633868138,189.01071859094358,0.060737128870960555,-0.0449203195175773,0.003180871859062437
auto_freq_scan-11-54-22.csv,19-09-csv,0.9,0.15779864259684448,9.751380114960258e-05,199.00843959000477,0.0655364555508508,-0.043918441038924484,0.0050741778183432135
auto_freq_scan-11-56-21.csv,19-09-csv,0.9210526315789473,0.004239208880622582,2.644670422569247e-05,9.261909964921305,0.015698315875946802,-0.2234121487831053,0.001459753006051846
auto_freq_scan-11-58-21.csv,19-09-csv,0.9210526315789473,0.012013443415288148,2.68627498922213e-05,19.275216019143446,0.015993865155622806,-0.18234795089759384,0.0027816533388353567
auto_freq_scan-12-00-21.csv,19-09-csv,0.9210526315789473,0.02122486925632454,2.8808036646974852e-05,29.282373776713897,0.016234991476790375,-0.1464876454746946,0.0019715160706140727
auto_freq_scan-12-02-21.csv,19-09-csv,0.9210526315789473,0.030454125975962528,3.18790219197951e-05,39.29301563852275,0.016377516392879748,-0.1292545805586529,0.0015031027422754183
auto_freq_scan-12-04-21.csv,19-09-csv,0.9210526315789473,0.039877041160310385,3.2077053133591234e-05,49.252514803776485,0.016699954545890183,-0.10965925814473626,0.0017552459052241785
auto_freq_scan-12-06-21.csv,19-09-csv,0.9210526315789473,0.04944147173730417,3.266847915760442e-05,59.245748398378936,0.018676151647564466,-0.10347247184230068,0.0035182483593791374
auto_freq_scan-12-08-21.csv,19-09-csv,0.9210526315789473,0.05843457713728692,3.518693139937434e-05,69.1907338568418,0.033334798065586216,-0.0940164539093023,0.002327644211114418
auto_freq_scan-12-10-21.csv,19-09-csv,0.9210526315789473,0.06785890753057697,3.653022591373025e-05,79.14573895879191,0.032761654079894655,-0.08130680593680527,0.0037620525941612303
auto_freq_scan-12-12-21.csv,19-09-csv,0.9210526315789473,0.07708499576142581,4.3219884200443685e-05,89.15796561363726,0.03411362898445816,-0.07234076866260851,0.002748667543646428
auto_freq_scan-12-14-21.csv,19-09-csv,0.9210526315789473,0.0877959866206489,7.966080961676422e-05,99.17532379616631,0.039913639423554456,-0.060824899091467634,0.0016205758539831682
auto_freq_scan-12-16-21.csv,19-09-csv,0.9210526315789473,0.09762005939495794,9.16847646791334e-05,109.14314990858117,0.0403080583896101,-0.05553051937534826,0.002416984307624718
auto_freq_scan-12-18-21.csv,19-09-csv,0.9210526315789473,0.10614706480065557,0.00010285058364741366,119.19523583561937,0.03993071897842394,-0.05398442773242582,0.002787120420109627
auto_freq_scan-12-20-21.csv,19-09-csv,0.9210526315789473,0.11542899200641715,0.00010966266225001978,129.16322515016245,0.04367980544164507,-0.051420316134135946,0.005460209516123385
auto_freq_scan-12-24-20.csv,19-09-csv,0.9210526315789473,0.133205743044047,0.00010342014679758762,149.07424155455044,0.04734322784640537,-0.05241265412309776,0.0019767510168880393
auto_freq_scan-12-26-20.csv,19-09-csv,0.9210526315789473,0.14179420431196063,9.653819981419788e-05,158.97139448343728,0.05956413329596917,-0.04728582682484871,0.005948900359660851
auto_freq_scan-12-28-20.csv,19-09-csv,0.9210526315789473,0.151159524438696,0.00012594957871480265,168.98722013492113,0.062154399885460426,-0.04645329912138366,0.0018845956024318385
auto_freq_scan-12-30-20.csv,19-09-csv,0.9210526315789473,0.15986398137623906,0.00016846548242679002,179.0355475690552,0.06260852342868983,-0.05004757436762129,0.0044236887522887056
auto_freq_scan-12-32-20.csv,19-09-csv,0.9210526315789473,0.16911857647921566,0.00012579952072557397,189.07124827705942,0.06335597375474383,-0.054657168081314475,0.03670932589701335
auto_freq_scan-12-34-20.csv,19-09-csv,0.9210526315789473,0.1778040824175362,0.0001372946884290745,199.02564934743515,0.07089722489144534,-0.045751591873721686,0.001825183606509569
auto_freq_scan-12-36-20.csv,19-09-csv,0.9421052631578948,0.005581252508965331,2.2561276212525437e-05,9.246489975984872,0.01599801038844375,-0.20606695825690202,0.0037220010227220473
auto_freq_scan-12-38-20.csv,19-09-csv,0.9421052631578948,0.014858070048744969,2.5081540209071722e-05,19.279597409268202,0.016719781763789892,-0.16068040069283163,0.0038288301979731224
auto_freq_scan-12-44-19.csv,19-09-csv,0.9421052631578948,0.04592273484257315,3.364704664399922e-05,49.31769358011089,0.016798534386452346,-0.11232476075588955,0.0027268078808013966
auto_freq_scan-12-48-19.csv,19-09-csv,0.9421052631578948,0.06695909229219282,3.6395730701513964e-05,69.16568860566127,0.033608336195380326,-0.08978852448491097,0.008159425339762617
auto_freq_scan-12-50-19.csv,19-09-csv,0.9421052631578948,0.07740220397628376,4.0175669780494244e-05,79.15297679230203,0.03272409196706399,-0.08299296660181858,0.005809307604033792
auto_freq_scan-12-52-19.csv,19-09-csv,0.9421052631578948,0.08798757520906896,5.035794196434769e-05,89.12968303348576,0.033164925952104025,-0.08198371329351159,0.006203026423105566
auto_freq_scan-12-54-19.csv,19-09-csv,0.9421052631578948,0.10010976434072053,7.527119049971333e-05,99.16312587849914,0.03801137849150562,-0.06846432887542858,0.02911397716861589
auto_freq_scan-12-56-19.csv,19-09-csv,0.9421052631578948,0.11011810046478679,9.777875162699953e-05,109.16009370121435,0.03938429769106673,-0.06000999861656026,0.0022482261864533535
auto_freq_scan-12-58-19.csv,19-09-csv,0.9421052631578948,0.12077022570584288,8.955655169503344e-05,119.18064763484442,0.04142854680548208,-0.059411216956919755,0.007226467284300666
auto_freq_scan-13-00-19.csv,19-09-csv,0.9421052631578948,0.1307335167436324,9.775744918797006e-05,129.16770355913874,0.04551640841634148,-0.057958259688506784,0.013479485416501383
auto_freq_scan-13-02-19.csv,19-09-csv,0.9421052631578948,0.14096567062531506,0.00011093519760706345,139.15146763447532,0.04823637064063794,-0.060609265429808386,0.01248197257681537
auto_freq_scan-13-04-19.csv,19-09-csv,0.9421052631578948,0.1501155894244009,0.0005222048249453326,149.1822226567053,0.05117205190423318,-0.056181806353041784,0.00490598010573069
auto_freq_scan-13-06-18.csv,19-09-csv,0.9421052631578948,0.1606368638304368,0.00012817236940875263,159.01683383954997,0.06193129278339073,-0.05245213436946577,0.006273275081289344
auto_freq_scan-13-08-18.csv,19-09-csv,0.9421052631578948,0.17132686615288856,0.0001401202050217516,169.02557140617964,0.06194868572665228,-0.049437492212007814,0.0047347996068285506
auto_freq_scan-13-10-18.csv,19-09-csv,0.9421052631578948,0.18088194878446276,0.00013695354831379496,179.02860524154727,0.06149712248023102,-0.04731878038185174,0.012020134938660186
auto_freq_scan-13-12-18.csv,19-09-csv,0.9421052631578948,0.19070742979659827,0.0001536929129371492,189.0045311683861,0.06461070616882851,-0.044505747601437655,0.003255232549167992
auto_freq_scan-13-14-18.csv,19-09-csv,0.9421052631578948,0.2006355048528324,0.00018648551002355484,198.97250715344282,0.07592244321188903,-0.05221320060573376,0.01767798912940077
auto_freq_scan-13-16-18.csv,19-09-csv,0.9631578947368421,0.005435680380654154,2.4866560812213012e-05,9.24453013658046,0.016055172676180705,-0.25250565305303113,0.0030715555239495228
auto_freq_scan-13-18-18.csv,19-09-csv,0.9631578947368421,0.01653822512821737,2.803633047696046e-05,19.287194447514583,0.01645343732798447,-0.1903505067079623,0.003112751794853186
auto_freq_scan-13-20-18.csv,19-09-csv,0.9631578947368421,0.028571585176258935,2.9487885069718965e-05,29.299338801782355,0.016816477308139732,-0.14272112798479067,0.002362568415796371
auto_freq_scan-13-22-18.csv,19-09-csv,0.9631578947368421,0.039756374408877276,3.285054196526427e-05,39.31117452949195,0.016736290876752158,-0.13130635506706373,0.0028283645062773958
auto_freq_scan-13-24-18.csv,19-09-csv,0.9631578947368421,0.05283633554839824,3.391700570975362e-05,49.30121318746555,0.017140559278127323,-0.10966798574820705,0.0017317280327043794
auto_freq_scan-13-26-18.csv,19-09-csv,0.9631578947368421,0.06462306403605403,3.452068146312264e-05,59.251411104873505,0.020567116515974832,-0.10337185478882001,0.0038538488929786984
auto_freq_scan-13-28-18.csv,19-09-csv,0.9631578947368421,0.07663852112166777,3.981079171943668e-05,69.15530194976972,0.03218683296544591,-0.09212630301633606,0.004196908059400562
auto_freq_scan-13-30-18.csv,19-09-csv,0.9631578947368421,0.08850671528704411,4.117262924716898e-05,79.16057832490701,0.032804547889471306,-0.08799960592917677,0.005616695937340204
auto_freq_scan-13-32-18.csv,19-09-csv,0.9631578947368421,0.10105424645949691,7.309597640537053e-05,89.13274793391373,0.03556492920765185,-0.08328360931146134,0.006112251759143631
auto_freq_scan-13-34-17.csv,19-09-csv,0.9631578947368421,0.11471042304892183,8.390903262337709e-05,99.11628806380762,0.040996651070915505,-0.06783419073433195,0.03925281419708965
auto_freq_scan-13-36-17.csv,19-09-csv,0.9631578947368421,0.12604667220985774,0.00011117755518057938,109.11945089403386,0.04263805857189042,-0.062426228608250596,0.0033347460040159685
auto_freq_scan-13-38-17.csv,19-09-csv,0.9631578947368421,0.1371409529037193,0.0001017351646017816,119.1703736300939,0.04257294732043583,-0.06084751778135107,0.0026104780207830873
auto_freq_scan-13-40-17.csv,19-09-csv,0.9631578947368421,0.1486530049708529,0.00013454286134958663,129.21504278369818,0.0424488052202958,-0.06147809742228723,0.01645482107899091
auto_freq_scan-13-42-17.csv,19-09-csv,0.9631578947368421,0.16100448716886398,0.0001351265298072045,139.15550689939707,0.04496784821619694,-0.054288055074316444,0.004217016846125589
auto_freq_scan-13-44-17.csv,19-09-csv,0.9631578947368421,0.17095229143714757,0.0006626085545137066,149.1014147620045,0.05314113128833196,-0.05451853758547023,0.005621995309362134
auto_freq_scan-13-46-17.csv,19-09-csv,0.9631578947368421,0.1837869945992326,0.00021717001830264733,159.07692884045102,0.06048899973050969,-0.04405931658445245,0.024821049139590837
auto_freq_scan-13-48-17.csv,19-09-csv,0.9631578947368421,0.19505474991156807,0.00018292747687094968,169.09070588844182,0.059981251987902245,-0.049320686139397975,0.005805804098636199
auto_freq_scan-13-50-17.csv,19-09-csv,0.9631578947368421,0.20673632933710256,0.00022753519310541158,179.06186290922892,0.0632661543961262,-0.048737589076694815,0.005267793382822256
auto_freq_scan-13-52-17.csv,19-09-csv,0.9631578947368421,0.21805991389078902,0.00028295774456361207,188.9782938501141,0.06546523933943109,-0.05334428621003546,0.010812735268053719
auto_freq_scan-13-54-17.csv,19-09-csv,0.9631578947368421,0.2296901146575782,0.0003266873835108647,198.97884303899383,0.07470081317692938,-0.04018905294610414,0.017675562383685922
auto_freq_scan-13-56-17.csv,19-09-csv,0.9842105263157895,0.007064710332791532,2.3625595034058703e-05,9.248850764321018,0.016018523475179836,-0.22400495884902907,0.0031531505298628315
auto_freq_scan-13-58-17.csv,19-09-csv,0.9842105263157895,0.019896642654905088,2.7097175265367813e-05,19.27912274355309,0.016405079412820264,-0.16397779948378724,0.0029995971172243354
auto_freq_scan-14-00-17.csv,19-09-csv,0.9842105263157895,0.0341250916847391,2.712531457093825e-05,29.294578404254096,0.01706228736902401,-0.12947409252839642,0.0032650976299986806
auto_freq_scan-14-02-17.csv,19-09-csv,0.9842105263157895,0.04788185403262794,3.287693573098995e-05,39.31000943194003,0.016387152151152398,-0.1091620490956446,0.0026178392693706675
auto_freq_scan-14-04-17.csv,19-09-csv,0.9842105263157895,0.0612853966699539,3.82824278440031e-05,49.29402342678738,0.016781834553871514,-0.09860063126076281,0.00245144893311244
auto_freq_scan-14-08-16.csv,19-09-csv,0.9842105263157895,0.08957313305309195,4.644958607836382e-05,69.14965584030386,0.03464049174166846,-0.08955763134458633,0.006383633542079213
auto_freq_scan-14-10-16.csv,19-09-csv,0.9842105263157895,0.10320641291275025,5.43480856347187e-05,79.14998754012942,0.03257922821217762,-0.08025162950916369,0.007074145976660355
auto_freq_scan-14-12-16.csv,19-09-csv,0.9842105263157895,0.11759853573484128,7.309374494265273e-05,89.12326271734392,0.039053089330501764,-0.07495110564073419,0.010903022644358842
auto_freq_scan-14-14-16.csv,19-09-csv,0.9842105263157895,0.13209238228760087,9.977820145143512e-05,99.06246401743338,0.04068278806298324,-0.06079302705184423,0.003820975262710899
auto_freq_scan-14-16-16.csv,19-09-csv,0.9842105263157895,0.14502295233169094,0.00012090120200343881,109.09918230603763,0.04255090969922309,-0.0483647063759452,0.028912553934994537
auto_freq_scan-14-18-16.csv,19-09-csv,0.9842105263157895,0.15831311517366198,0.0001448687645509812,119.1016685376357,0.04518717436887028,-0.06553655559223358,0.008942999210590516
auto_freq_scan-14-20-16.csv,19-09-csv,0.9842105263157895,0.1719779793368959,0.00014081717085778615,129.1641981437523,0.04447149427950602,-0.055335311396035335,0.0074287267539941875
auto_freq_scan-14-22-16.csv,19-09-csv,0.9842105263157895,0.1854585030585085,0.00019318316697387397,139.1391118110573,0.0483212015581725,-0.06412947460225459,0.010192360352192098
auto_freq_scan-14-24-15.csv,19-09-csv,0.9842105263157895,0.1986798835098265,0.00017958146302927156,149.0834690100045,0.05577469222551418,-0.04664201999760446,0.010655449157058038
auto_freq_scan-14-26-15.csv,19-09-csv,0.9842105263157895,0.21172757726173866,0.0002657070753350281,159.06734145345175,0.059831229422148156,-0.062399677322400246,0.005155167845676073
auto_freq_scan-14-28-15.csv,19-09-csv,0.9842105263157895,0.224610531278994,0.00021197505406980244,169.06924723093113,0.060724161156715015,-0.04694273978964718,0.010794880770588022
auto_freq_scan-14-30-15.csv,19-09-csv,0.9842105263157895,0.2382354437329607,0.00025953480338341823,179.0190791111027,0.06548653498923206,-0.04705621999925206,0.00987035324188897
auto_freq_scan-14-32-15.csv,19-09-csv,0.9842105263157895,0.25226873524905924,0.0003943240902168569,189.06644507200167,0.07078380852357735,-0.046588943707571946,0.0026625550979724644
auto_freq_scan-14-34-15.csv,19-09-csv,0.9842105263157895,0.26584319589108846,0.00046747139537096374,199.20131067986566,0.0770783373931205,-0.04644453599391544,0.015123670733939772
auto_freq_scan-14-36-15.csv,19-09-csv,1.0052631578947369,0.007189027555502481,2.496211757700162e-05,9.255294591417726,0.01594119650181922,-0.2591349073305337,0.004048682911494804
auto_freq_scan-14-38-15.csv,19-09-csv,1.0052631578947369,0.021977972543125175,2.7510391170919287e-05,19.284781578811025,0.016536453190896094,-0.18503850994163185,0.002775967246505791
auto_freq_scan-14-40-15.csv,19-09-csv,1.0052631578947369,0.038741093080088246,2.8697913635091572e-05,29.287072451764082,0.017324136047561292,-0.14395894103565365,0.0019735307212888176
auto_freq_scan-14-42-15.csv,19-09-csv,1.0052631578947369,0.054583848925841776,3.214788436147264e-05,39.31235803189129,0.01668568921340404,-0.12359749421811111,0.002356662402365987
auto_freq_scan-14-44-15.csv,19-09-csv,1.0052631578947369,0.07188738098782747,3.436395420472379e-05,49.313430928447076,0.017126027442888665,-0.1065238542031129,0.005299258954066281
auto_freq_scan-14-46-14.csv,19-09-csv,1.0052631578947369,0.08750268063511599,4.085852761859676e-05,59.23161928775395,0.026223120083751144,-0.09917960107659961,0.007794858113818663
auto_freq_scan-14-48-14.csv,19-09-csv,1.0052631578947369,0.10222894767979608,4.495163647621164e-05,69.14210342965926,0.033845619834239005,-0.10301261178540518,0.005085769298658534
auto_freq_scan-14-50-14.csv,19-09-csv,1.0052631578947369,0.11868286764855182,5.4444834331641457e-05,79.1469716898593,0.03307070402107633,-0.09870433089084328,0.03345209397365307
auto_freq_scan-14-52-14.csv,19-09-csv,1.0052631578947369,0.13620198868398609,9.260135036414939e-05,89.11452139552526,0.037893771047736724,-0.08210028038324242,0.005256404016722283
auto_freq_scan-14-54-14.csv,19-09-csv,1.0052631578947369,0.15291653782219894,0.00010064499037129953,99.12647072073335,0.042466336971602486,-0.056276570385451426,0.016793890735100785
auto_freq_scan-14-56-14.csv,19-09-csv,1.0052631578947369,0.16918791235174468,0.00013345653325043806,109.15441935779073,0.04343746457110471,-0.08990043005871512,0.08870772902411614
auto_freq_scan-14-58-14.csv,19-09-csv,1.0052631578947369,0.18461867089852968,0.00012892498742122024,119.13095308227965,0.04536081421922617,-0.06070788866206212,0.025482486310107605
auto_freq_scan-15-00-14.csv,19-09-csv,1.0052631578947369,0.20010204170954904,0.00019850121545949876,129.1868645427881,0.043708280261944336,-0.05643936948276472,0.009495429627663738
auto_freq_scan-15-02-14.csv,19-09-csv,1.0052631578947369,0.21522819082308126,0.0001833249053351741,139.15147097938842,0.04828332120968741,-0.07277533325943059,0.019043972686422224
auto_freq_scan-15-04-14.csv,19-09-csv,1.0052631578947369,0.23079725615487676,0.0005987549048769342,149.1180274983762,0.05861840969289039,-0.061326015165993904,0.013572781913241952
auto_freq_scan-15-06-14.csv,19-09-csv,1.0052631578947369,0.24717556399025134,0.00032980434959413695,159.08861247615576,0.059589323190633786,-0.05414903415516315,0.0274154498654573
auto_freq_scan-15-08-13.csv,19-09-csv,1.0052631578947369,0.262371770663611,0.0004064256594366227,169.0409558385598,0.06149678387456585,-0.05410675748406486,0.0037186269509487976
auto_freq_scan-15-10-13.csv,19-09-csv,1.0052631578947369,0.27808269293778903,0.0004801886496024353,179.0470454005685,0.06382478888497911,-0.04819934568621015,0.013143292745736898
auto_freq_scan-15-12-13.csv,19-09-csv,1.0052631578947369,0.2935119930123648,0.0005045201814409534,188.99601867562427,0.07065241507355925,-0.04313540440111347,0.006268007481969093
auto_freq_scan-15-14-13.csv,19-09-csv,1.0052631578947369,0.3103464458186232,0.0006531673340540515,198.98327754264773,0.07535449033201311,-0.041577092204808694,0.004803870600337947
auto_freq_scan-15-16-13.csv,19-09-csv,1.0263157894736843,0.0073740154611367185,2.551910881318112e-05,9.237200496096303,0.01604859865635704,-0.26553157095515484,0.004445416000545925
auto_freq_scan-15-18-13.csv,19-09-csv,1.0263157894736843,0.026255045816208532,3.002771370590113e-05,19.28109216582206,0.0170971840510064,-0.19990537264618644,0.0028029253768479903
auto_freq_scan-15-20-13.csv,19-09-csv,1.0263157894736843,0.04573234714964763,3.4462492019128615e-05,29.30188383657712,0.01701776645409144,-0.14983047420737944,0.0032365426682902276
auto_freq_scan-15-22-12.csv,19-09-csv,1.0263157894736843,0.06487158492870837,3.713644468485109e-05,39.291663459367726,0.01664575045633823,-0.12550511742195986,0.002986130138590466
auto_freq_scan-15-24-12.csv,19-09-csv,1.0263157894736843,0.08545026099908655,3.914978473193725e-05,49.32157618119831,0.01674947573543071,-0.10870632751158928,0.0024595540471606197
auto_freq_scan-15-26-12.csv,19-09-csv,1.0263157894736843,0.1045770078907502,4.379569653577059e-05,59.160064663234444,0.0301965138708272,-0.10414059060436714,0.021129710050623425
auto_freq_scan-15-28-12.csv,19-09-csv,1.0263157894736843,0.12271605171376757,5.201585392385893e-05,69.16788724330847,0.03419453993190303,-0.097557775859006,0.006811448999780011
auto_freq_scan-15-30-12.csv,19-09-csv,1.0263157894736843,0.1414050183819769,7.41846047772497e-05,79.16398570105851,0.03209063978672463,-0.1012250459607128,0.012696649242831391
auto_freq_scan-15-32-12.csv,19-09-csv,1.0263157894736843,0.16214812306758938,0.00010248547968186819,89.06364618607824,0.04105393001663519,-0.09968675796026095,0.024684491716579524
auto_freq_scan-15-34-12.csv,19-09-csv,1.0263157894736843,0.18143359736679615,0.00011694685939533738,99.12475651772384,0.0412061491386732,-0.07771460651045049,0.004779793240149318
auto_freq_scan-15-36-12.csv,19-09-csv,1.0263157894736843,0.20186121815345417,0.000187584963462989,109.157230294471,0.04308614830641204,-0.07071935361169587,0.012587691525680539
auto_freq_scan-15-38-12.csv,19-09-csv,1.0263157894736843,0.22018748728893126,0.0002679711093006098,119.16104548472296,0.04265065914858804,-0.06625333656816797,0.015251513622178577
auto_freq_scan-15-40-12.csv,19-09-csv,1.0263157894736843,0.23914632711455758,0.0003747037989870328,129.1534009832777,0.046405667594411774,-0.06828040258442292,0.0068632011643206476
auto_freq_scan-15-42-12.csv,19-09-csv,1.0263157894736843,0.25728253309303745,0.0003410859146827107,139.13845597702695,0.05197293652256898,-0.06733684148583348,0.0072466366375058145
auto_freq_scan-15-44-11.csv,19-09-csv,1.0263157894736843,0.2761238988242135,0.0004784732859138693,149.06704378388116,0.05796507062507107,-0.03818439609592832,0.020627341740814664
auto_freq_scan-15-46-11.csv,19-09-csv,1.0263157894736843,0.29428432966760276,0.0006157726107022756,159.07478670310292,0.06156194300472027,-0.05954752115342013,0.022329771563943886
auto_freq_scan-15-48-11.csv,19-09-csv,1.0263157894736843,0.31406366414091125,0.0006288790728536832,169.056281850875,0.06096153946431129,-0.0631295850200015,0.06258766500265137
auto_freq_scan-15-50-11.csv,19-09-csv,1.0263157894736843,0.33294157947508696,0.0007734822993637598,179.03485054180192,0.06749652106189426,-0.06158196752531179,0.036010227198243164
auto_freq_scan-15-52-11.csv,19-09-csv,1.0263157894736843,0.3529526185968917,0.0009544620945573318,189.004230189641,0.07257976018988195,-0.05069804145731145,0.013843139872781723
auto_freq_scan-15-54-11.csv,19-09-csv,1.0263157894736843,0.3718630070557412,0.0013105266880596238,199.0318698273049,0.07422613341651149,-0.06616064435797299,0.03917436599356383
auto_freq_scan-15-56-11.csv,19-09-csv,1.0473684210526315,0.009274910499793476,2.814544217724418e-05,9.246246800523561,0.015879509271607407,-0.2608366683070318,0.00719086918790305
auto_freq_scan-15-58-11.csv,19-09-csv,1.0473684210526315,0.03280502669125425,2.9588220777565397e-05,19.278622195083525,0.016466016310037496,-0.19432888387356204,0.0029434264010822155
auto_freq_scan-16-00-11.csv,19-09-csv,1.0473684210526315,0.056495838529796,3.3058776345351505e-05,29.294013166093,0.016766312823445602,-0.14739286984854896,0.002366654489495193
auto_freq_scan-16-02-11.csv,19-09-csv,1.0473684210526315,0.0800458529408539,3.960372404927134e-05,39.298202314214535,0.01685489607496926,-0.12116615691317349,0.003163194099987391
auto_freq_scan-16-04-11.csv,19-09-csv,1.0473684210526315,0.10381030356149148,4.6272278609389655e-05,49.31284374279028,0.016942339959055076,-0.10785408864839315,0.002693084668433295
auto_freq_scan-16-06-11.csv,19-09-csv,1.0473684210526315,0.12710371121298794,6.102669452177946e-05,59.18420646022215,0.030678674323753773,-0.0983233655242991,0.0048021148462129145
auto_freq_scan-16-08-11.csv,19-09-csv,1.0473684210526315,0.1503887869933066,7.895625939639237e-05,69.1727031104113,0.03432480448882417,-0.10093894414083927,0.02373618392225295
auto_freq_scan-16-10-11.csv,19-09-csv,1.0473684210526315,0.1741347965214719,0.00012507636497304322,79.10045072891621,0.034940889016400405,-0.08987837555810207,0.009550855851812997
auto_freq_scan-16-12-11.csv,19-09-csv,1.0473684210526315,0.19894856862285012,0.00023194902651465336,89.0758322953109,0.03973496009608073,-0.07448946713284839,0.017171555373356347
auto_freq_scan-16-14-10.csv,19-09-csv,1.0473684210526315,0.22280809978593585,0.00021759333114045753,99.094712718765,0.04268529624302661,-0.05231145890713136,0.012622287026750539
auto_freq_scan-16-16-10.csv,19-09-csv,1.0473684210526315,0.24537557030790963,0.0003033824925944467,109.18334030190444,0.043537500243640746,-0.06650847659411945,0.00942574858886602
auto_freq_scan-16-18-10.csv,19-09-csv,1.0473684210526315,0.26924515028555746,0.0003469620492812288,119.19177810837998,0.043052973021893315,-0.0842046928140334,0.038570823536941405
auto_freq_scan-16-22-10.csv,19-09-csv,1.0473684210526315,0.3181573920816716,0.0008462984420991299,139.09292989087754,0.055427617805811735,-0.06036033064792418,0.006846132790769285
auto_freq_scan-16-24-10.csv,19-09-csv,1.0473684210526315,0.34271998171915835,0.0008625869810669342,149.01917351659606,0.059213401551686466,-0.08962689895363632,0.051359547465387956
auto_freq_scan-16-26-10.csv,19-09-csv,1.0473684210526315,0.36604429753790596,0.001042822421567387,159.00781070108152,0.06027093770174436,-0.03869667336368695,0.009573551102065246
auto_freq_scan-16-28-10.csv,19-09-csv,1.0473684210526315,0.39020875084536827,0.0011174248311986525,169.0477975671736,0.06483779529523083,-0.05260490528744172,0.016843483307388205
auto_freq_scan-16-30-09.csv,19-09-csv,1.0473684210526315,0.4095001783470901,0.0022828417322941583,178.9586903296216,0.0718997803026334,-0.043858456733967606,0.027543469453853626
auto_freq_scan-16-32-09.csv,19-09-csv,1.0473684210526315,0.43838725363923453,0.0015541638744921735,188.97535896544974,0.07344747641752052,-0.03812887729370396,0.040029065859561085
auto_freq_scan-16-34-10.csv,19-09-csv,1.0473684210526315,1.3352818984083228,0.010116918875420836,198.98899122978898,0.07470118114275533,-0.9116978104563104,0.0849751103435612
auto_freq_scan-16-36-09.csv,19-09-csv,1.068421052631579,0.009110356075683564,2.6215000828524866e-05,9.2476603828707,0.015939869913021758,-0.31018315931792784,0.004958184460996437
auto_freq_scan-16-38-09.csv,19-09-csv,1.068421052631579,0.038615341757136906,3.229526885445006e-05,19.272659250237,0.01659616288808049,-0.20937042547012763,0.004716571856569674
auto_freq_scan-16-40-09.csv,19-09-csv,1.068421052631579,0.0689700859431002,3.796286029465682e-05,29.295937137347295,0.016906380634979797,-0.16541486461471627,0.0031159383511662492
auto_freq_scan-16-42-09.csv,19-09-csv,1.068421052631579,0.09950205271698549,4.229888934323963e-05,39.30367300169705,0.016902369126641583,-0.13571694388938801,0.00334533636213215
auto_freq_scan-16-44-09.csv,19-09-csv,1.068421052631579,0.13083180842390535,5.964395779740999e-05,49.310249938847946,0.017015375868302828,-0.11467573284413958,0.0028264088924124563
auto_freq_scan-16-46-09.csv,19-09-csv,1.068421052631579,0.15974643057969626,9.560588090312863e-05,59.15428062187671,0.03143172860040814,-0.11907303793847147,0.013011915386331056
auto_freq_scan-16-48-09.csv,19-09-csv,1.068421052631579,0.18934832036416985,0.0001335103409756805,69.16936581143268,0.03271526504844125,-0.0908406625415508,0.010177004349094989
auto_freq_scan-16-50-09.csv,19-09-csv,1.068421052631579,0.21925235536835253,0.0002268884725387638,79.1456704393333,0.03500027801275983,-0.08767074549409565,0.04475671008239523
auto_freq_scan-16-52-09.csv,19-09-csv,1.068421052631579,0.25099131617403364,0.0004632282371905188,89.0846982867906,0.040352279713340204,-0.06951673802375187,0.008591627506288627
auto_freq_scan-16-54-08.csv,19-09-csv,1.068421052631579,0.2796465835191553,0.0010583191776826063,99.14969719255289,0.04245870343655218,-0.07384616697653593,0.00843927400938337
auto_freq_scan-16-58-08.csv,19-09-csv,1.068421052631579,0.3454675540199426,0.0009553328181449372,119.14890998786629,0.04386486106910699,-0.10147518575157037,0.08746068488883427
auto_freq_scan-17-00-08.csv,19-09-csv,1.068421052631579,0.381369168393517,0.001290856339534288,129.15916562054426,0.04734032457027676,-0.06949569495526879,0.027309485083982413
auto_freq_scan-17-02-08.csv,19-09-csv,1.068421052631579,0.4137358955211241,0.0014592939334845119,139.06496336013245,0.056684178526458205,-0.05136271020702562,0.04640372051303545
auto_freq_scan-17-04-08.csv,19-09-csv,1.068421052631579,1.2111395731812635,0.011151338177178088,149.06635625465717,0.059738050311008185,-0.8032589228885971,0.3705393582174222
auto_freq_scan-17-08-08.csv,19-09-csv,1.068421052631579,1.242677935800519,0.007435646762811655,168.96149288852828,0.06572105416805872,-0.9122006803694784,0.056896385942561904
auto_freq_scan-17-10-08.csv,19-09-csv,1.068421052631579,1.2489912253558135,0.006884329732694238,178.9247104151415,0.07358958337036764,-0.8841853938591816,0.13598312064531615
auto_freq_scan-17-12-08.csv,19-09-csv,1.068421052631579,1.2436817189897666,0.006669470870186006,188.96115779040656,0.07234115826271807,-0.939871852222343,0.082623053865981
auto_freq_scan-17-14-08.csv,19-09-csv,1.068421052631579,1.2421166309050993,0.007388488908629283,198.8858817335984,0.07577613229733501,-0.8750314439694139,0.08125441773436926
auto_freq_scan-17-16-08.csv,19-09-csv,1.0894736842105264,0.011939651015772958,2.54304608511902e-05,9.241084448581184,0.016007053178930333,-0.33219927880782235,0.002922634970595925
auto_freq_scan-17-18-08.csv,19-09-csv,1.0894736842105264,0.048805552214136495,3.527027961342368e-05,19.28445411536998,0.0166583415007398,-0.22722681237020936,0.006016135779748945
auto_freq_scan-17-20-08.csv,19-09-csv,1.0894736842105264,0.09010147542270716,4.050808988045344e-05,29.2865087108165,0.016906426769407006,-0.16823589717554818,0.00324569441839532
auto_freq_scan-17-22-08.csv,19-09-csv,1.0894736842105264,0.12961916074577873,6.772763059552912e-05,39.29534457937608,0.01723102909933293,-0.13731339763377792,0.004358696757026673
auto_freq_scan-17-24-07.csv,19-09-csv,1.0894736842105264,0.17057389444648927,0.00013404342456380255,49.31146823156016,0.017573000519811595,-0.11494431033634053,0.009311830540531101
auto_freq_scan-17-26-07.csv,19-09-csv,1.0894736842105264,0.21135588431252936,0.00021024375049643785,59.179641319613225,0.03229643653627014,-0.12548527307061338,0.03012629248918709
auto_freq_scan-17-30-07.csv,19-09-csv,1.0894736842105264,0.29379759276957235,0.00047398691116830197,79.10896780378444,0.03696797744095457,-0.09700281262282742,0.022312628626630204
auto_freq_scan-17-32-07.csv,19-09-csv,1.0894736842105264,0.34227799357304073,0.0008110797573699228,89.12907447366467,0.03844498016531709,-0.07982179526349373,0.02228024559157736
auto_freq_scan-17-34-07.csv,19-09-csv,1.0894736842105264,0.3952104928711792,0.0014901210925941518,99.10811418888946,0.04233861418370955,-0.06815920279768785,0.03324071479053923
auto_freq_scan-17-36-07.csv,19-09-csv,1.0894736842105264,1.1066272631261609,0.007578119255174997,109.13404625286658,0.044533275522757584,-0.7476407580234529,0.18889492212505066
auto_freq_scan-17-40-07.csv,19-09-csv,1.0894736842105264,1.119433245072066,0.005476272954568163,129.09502992025062,0.04914508083499174,-0.8134081688584471,0.19986220238234378
auto_freq_scan-17-42-07.csv,19-09-csv,1.0894736842105264,1.132498603189035,0.005477589299513389,138.99758397430475,0.05850675138150414,-0.8363675507405263,0.08339268832253871
auto_freq_scan-17-44-07.csv,19-09-csv,1.0894736842105264,1.1416659876177508,0.005739300510822172,149.11440129453237,0.059932096687509484,-0.8654094777592347,0.08093303777453582
auto_freq_scan-17-46-07.csv,19-09-csv,1.0894736842105264,1.1481889859715453,0.005382696547492802,159.06578559954355,0.061483343062172104,-0.8778894133514037,0.05101895950138226
auto_freq_scan-17-48-07.csv,19-09-csv,1.0894736842105264,1.1506172072750633,0.005110307262610314,168.97586902936735,0.06865880836318079,-0.9231369754819183,0.03279722512056322
auto_freq_scan-17-50-07.csv,19-09-csv,1.0894736842105264,1.15038008819304,0.005253598781122993,178.98989486386355,0.07498381939336413,-0.9153738605292362,0.04461129033411458
auto_freq_scan-17-54-07.csv,19-09-csv,1.0894736842105264,1.168634986125385,0.00471607772113007,198.8919275759204,0.07692249603570993,-0.9234003580730452,0.10878912432742338
auto_freq_scan-17-56-07.csv,19-09-csv,1.1105263157894738,0.015651534113724195,2.7770129751288232e-05,9.161561315937941,0.01423202931707746,-0.34953386861105046,0.008952660691060559
auto_freq_scan-17-58-07.csv,19-09-csv,1.1105263157894738,0.06915488646470176,4.232673757604022e-05,19.306618678768,0.016280136865470574,-0.23545898384461394,0.004940614580753581
auto_freq_scan-18-00-07.csv,19-09-csv,1.1105263157894738,0.12676978934061328,6.680095551195168e-05,29.299878500745102,0.016998463245399283,-0.1788191432895607,0.008308637475282172
auto_freq_scan-18-02-07.csv,19-09-csv,1.1105263157894738,0.18573505853353392,0.00014955278124684178,39.3467020201327,0.016581533488583836,-0.13956324681271967,0.010087475595834781
auto_freq_scan-18-04-07.csv,19-09-csv,1.1105263157894738,0.24996877242983284,0.00030179510776100313,49.228425934813856,0.019586449947048577,-0.12788505207844844,0.008816060483489893
auto_freq_scan-18-08-06.csv,19-09-csv,1.1105263157894738,0.9485875044484677,0.008111149797542629,69.13463478120245,0.03266508461421204,-0.5436034469027732,0.2499489887682266
auto_freq_scan-18-10-06.csv,19-09-csv,1.1105263157894738,0.9735126210026442,0.005879227588243577,79.13335820402429,0.03753004426780853,-0.7942067126381858,0.08660434693435996
auto_freq_scan-18-12-06.csv,19-09-csv,1.1105263157894738,0.9852801756292132,0.004391910163044403,89.11334906519456,0.04153324264993647,-0.8222681101347086,0.07245500131803892
auto_freq_scan-18-14-06.csv,19-09-csv,1.1105263157894738,0.9891536330390831,0.004232490707220199,99.10809652063594,0.042874703598714724,-0.8721043776492314,0.14042226794833118
auto_freq_scan-18-18-06.csv,19-09-csv,1.1105263157894738,1.014941938539263,0.004172794271992526,119.11768208294671,0.045177799713148364,-0.8079609056339847,0.11861226087217804
auto_freq_scan-18-20-06.csv,19-09-csv,1.1105263157894738,1.030832851331127,0.00419874317828638,129.11376826936728,0.052836756166663404,-0.8767447021113219,0.034999233166253564
auto_freq_scan-18-22-06.csv,19-09-csv,1.1105263157894738,1.038885734665967,0.0041608190945084545,139.02966932059374,0.05849631968765076,-0.9041337150692657,0.04071310604567664
auto_freq_scan-18-24-06.csv,19-09-csv,1.1105263157894738,1.045223472056263,0.003891317791270967,149.06527298454637,0.059056541593992255,-0.9220110985546979,0.08743979855735964
auto_freq_scan-18-26-07.csv,19-09-csv,1.1105263157894738,1.047574565893138,0.00436758268112765,159.02380351290358,0.06497458786660794,-0.883802104757185,0.1605335566781232
auto_freq_scan-18-28-07.csv,19-09-csv,1.1105263157894738,1.0526233398694258,0.004193990135357678,168.9097791989874,0.07208188792576779,-0.9441564319913667,0.023955291784284793
auto_freq_scan-18-30-07.csv,19-09-csv,1.1105263157894738,1.062942693569255,0.0038628628109369867,178.9456298165438,0.07516627001835126,-0.9341434110018828,0.06481115850062359
auto_freq_scan-18-32-07.csv,19-09-csv,1.1105263157894738,1.0748008841344003,0.0038571731407346602,188.90436338410515,0.0749906168713692,-0.9246835597772947,0.09740900346980809
auto_freq_scan-18-34-07.csv,19-09-csv,1.1105263157894738,1.0848340407235215,0.003966117402522552,198.88409121858123,0.07716177822146997,-0.941642247527682,0.03563372720441797
auto_freq_scan-18-36-07.csv,19-09-csv,1.131578947368421,0.02491740117379827,2.9086938860877377e-05,9.248005394571063,0.016197377543136465,-0.3607058349471939,0.003474439659316985
auto_freq_scan-18-38-07.csv,19-09-csv,1.131578947368421,0.10795746054988334,5.764584109319066e-05,19.284122784784067,0.01650890227623398,-0.2542479253694906,0.00435678436491172
auto_freq_scan-18-40-07.csv,19-09-csv,1.131578947368421,0.2175139453450873,0.00021629929283935488,29.295787181055758,0.016788029909660183,-0.18982453096371227,0.011058003162754067
auto_freq_scan-18-42-07.csv,19-09-csv,1.131578947368421,0.6836097954849405,0.008437800189141953,39.3205078890316,0.017363568147248782,-0.24202006639910903,0.023235647719464257
auto_freq_scan-18-44-06.csv,19-09-csv,1.131578947368421,0.7858988657794728,0.004725215883133505,49.26818063793807,0.020944081894335977,-0.7022723620266264,0.09729186997029879
auto_freq_scan-18-46-07.csv,19-09-csv,1.131578947368421,0.8241433847287811,0.0036056794638869723,59.13600987643884,0.03411578961163277,-0.7970756892446039,0.04694956217164322
auto_freq_scan-18-48-06.csv,19-09-csv,1.131578947368421,0.8521909354750433,0.0032453157161140217,69.17995310811241,0.03160938703242155,-0.7706570266001219,0.20144521732845314
auto_freq_scan-18-50-07.csv,19-09-csv,1.131578947368421,0.8605242516586679,0.0030095020064612715,79.10873816844847,0.0375108092091541,-0.8529044011271588,0.03443396631828718
auto_freq_scan-18-52-07.csv,19-09-csv,1.131578947368421,0.8663940762196551,0.0029823313969345776,89.07853897344809,0.039524565487708094,-0.8754669225662497,0.03382752310801922
auto_freq_scan-18-54-06.csv,19-09-csv,1.131578947368421,0.880383374145418,0.003354130220333165,99.08238267953898,0.041747128233218266,-0.8778455678180364,0.08552275442484258
auto_freq_scan-18-56-06.csv,19-09-csv,1.131578947368421,0.9006867297404026,0.0029274800318905207,109.17310522068922,0.04398789893322129,-0.8985400468594941,0.03232307982257091
auto_freq_scan-18-58-06.csv,19-09-csv,1.131578947368421,0.9182083745074067,0.003123120991542608,119.16480328461863,0.04513223771444249,-0.9033640240576873,0.02579975095980712
auto_freq_scan-19-00-07.csv,19-09-csv,1.131578947368421,0.9306711120711078,0.003148806499314595,129.08522054039793,0.05493182801218289,-0.9165621969722546,0.03884191456495066
auto_freq_scan-19-04-07.csv,19-09-csv,1.131578947368421,0.9455712324155944,0.003127141003050318,149.03139044532045,0.061065765261000236,-0.9347944795005119,0.03285887788201444
auto_freq_scan-19-06-07.csv,19-09-csv,1.131578947368421,0.9537061959240681,0.003130023555718901,158.98581301330967,0.06459677861494299,-0.9416036242345972,0.08538401716765269
auto_freq_scan-19-08-07.csv,19-09-csv,1.131578947368421,0.9617560016793839,0.0033995671594687507,168.90709906931204,0.07362777081771116,-0.9533211518873204,0.09160877957197931
auto_freq_scan-19-10-07.csv,19-09-csv,1.131578947368421,0.9750956032358415,0.0034453185449917776,178.879958200176,0.074314172856007,-0.9782270185388502,0.050077641250082336
auto_freq_scan-19-14-06.csv,19-09-csv,1.131578947368421,0.998380836818333,0.0036700387299399167,198.8207071292199,0.0792747235441597,-0.9282435506044902,0.08563341752289436
auto_freq_scan-19-16-06.csv,19-09-csv,1.1526315789473685,0.025759986924650886,6.20590613823399e-05,9.248688097984056,0.016303242990525935,-0.4176920471762234,0.005468226570410321
auto_freq_scan-19-18-06.csv,19-09-csv,1.1526315789473685,0.27249322236296203,0.0004286791474771193,19.274689962338357,0.01661538862371212,-0.36325246850008014,0.011747339767146219
auto_freq_scan-19-20-06.csv,19-09-csv,1.1526315789473685,0.6021770904342802,0.0039445588477332915,29.29825375258164,0.01672641307552473,-0.6731262366720976,0.08420833091781339
auto_freq_scan-19-22-06.csv,19-09-csv,1.1526315789473685,0.6233774605561863,0.0027785284591764527,39.30301085087901,0.016881144965835572,-0.7962831673788018,0.04200238255789064
auto_freq_scan-19-24-06.csv,19-09-csv,1.1526315789473685,0.6700149426986816,0.0025681100834085476,49.29369940956759,0.020467448066788144,-0.8410139380596154,0.03380757486215244
auto_freq_scan-19-26-06.csv,19-09-csv,1.1526315789473685,0.6993541232870668,0.003198784018121839,59.1515735105694,0.03281007356780883,-0.8722447650004701,0.04453935906001016
auto_freq_scan-19-28-06.csv,19-09-csv,1.1526315789473685,0.7227231418200623,0.002476229230415019,69.12898291450556,0.03365848954390699,-0.8837685156419042,0.05503655595096607
auto_freq_scan-19-30-05.csv,19-09-csv,1.1526315789473685,0.7342466012555692,0.0026317062731628102,79.09505111577597,0.03942476620467863,-0.8925561120762101,0.027121884067939202
auto_freq_scan-19-32-05.csv,19-09-csv,1.1526315789473685,0.7539850607641563,0.0024876015554625213,89.06338037204341,0.042243515482237134,-0.9016443084204722,0.05380392084040636
auto_freq_scan-19-34-05.csv,19-09-csv,1.1526315789473685,0.7755941081577514,0.0022310006236578826,99.1497756561709,0.04257809600176715,-0.9172788816052094,0.024492267746999162
auto_freq_scan-19-36-05.csv,19-09-csv,1.1526315789473685,0.7966656830267419,0.0030003006274767845,109.19739798578742,0.044660710533806276,-0.9468745565103062,0.02866690238361217
auto_freq_scan-19-38-05.csv,19-09-csv,1.1526315789473685,0.8147362562932187,0.0029008382190432217,119.13957696120168,0.04688720304049555,-0.9310388636286159,0.08851521118735999
auto_freq_scan-19-40-05.csv,19-09-csv,1.1526315789473685,0.8281070257692865,0.002428804712986241,129.07641657300064,0.05699397982627047,-0.9354370751589723,0.07478017532351725
auto_freq_scan-19-42-05.csv,19-09-csv,1.1526315789473685,0.838131946553761,0.0025602329479641537,139.06004414235153,0.0592586174401436,-0.9569603580180623,0.016757043878487327
auto_freq_scan-19-44-04.csv,19-09-csv,1.1526315789473685,0.8489216225121953,0.0027128568785692634,149.00194031631605,0.05942494311292025,-0.9423978920068332,0.08520127709889828
auto_freq_scan-19-48-04.csv,19-09-csv,1.1526315789473685,0.8757567809622367,0.002627258532039813,168.89802132002137,0.07306771544225645,-0.9460412697850272,0.022088018560656487
auto_freq_scan-19-50-05.csv,19-09-csv,1.1526315789473685,0.8905468305951211,0.0029451571655023127,178.88424941177945,0.07388976177337418,-0.9191162149269612,0.17909362798310705
auto_freq_scan-19-54-04.csv,19-09-csv,1.1526315789473685,0.9114771112716101,0.002977789289454804,198.69870827460647,0.09339392073851002,-0.9458582938605474,0.08001668039900053
auto_freq_scan-19-56-04.csv,19-09-csv,1.1736842105263159,0.038000687003805954,5.872800714575453e-05,9.257691928189205,0.01570910923693861,-0.5177383534031974,0.007781771289799499
auto_freq_scan-20-00-04.csv,19-09-csv,1.1736842105263159,0.4154493361971433,0.0014759823024514855,29.307236574588362,0.016940692374892694,-0.8295874438801449,0.01985113787235436
auto_freq_scan-20-02-04.csv,19-09-csv,1.1736842105263159,0.48013466656791837,0.0017445681373063785,39.301604850736624,0.01685951155858858,-0.8690950863323609,0.01679199492950177
auto_freq_scan-20-04-04.csv,19-09-csv,1.1736842105263159,0.5296437885446476,0.0020645253850394936,49.31265588529287,0.022954270440425823,-0.8812449691656496,0.05135989587398009
auto_freq_scan-20-06-04.csv,19-09-csv,1.1736842105263159,0.5653195301664157,0.001979553227773593,59.12400457075084,0.033289534213555176,-0.8863384673015604,0.0722805435532148
auto_freq_scan-20-08-04.csv,19-09-csv,1.1736842105263159,0.5895376973757928,0.0021595358271069235,69.12152355398594,0.03331650904342584,-0.921480460277923,0.01744908741449111
auto_freq_scan-20-10-04.csv,19-09-csv,1.1736842105263159,0.614832982314209,0.0019480337134794212,79.08692955627741,0.04028253709160079,-0.9506294852038403,0.05041912582215761
auto_freq_scan-20-12-04.csv,19-09-csv,1.1736842105263159,0.6443426359275244,0.0018594692204964207,89.08646697393141,0.042893690999103944,-0.9233659281461655,0.04068495362701098
auto_freq_scan-20-14-05.csv,19-09-csv,1.1736842105263159,0.6711192322958067,0.002153513506255404,99.15509341028022,0.042386371019301955,-0.9357542044190184,0.04074869699586963
auto_freq_scan-20-16-04.csv,19-09-csv,1.1736842105263159,0.6936948680726945,0.0023236422578698283,109.17326041783225,0.0448332130566951,-0.9384896597791829,0.04159924305344332
auto_freq_scan-20-18-05.csv,19-09-csv,1.1736842105263159,0.7121479900623333,0.0021900971164100277,119.12319550893051,0.04712903626134422,-0.9631102573413963,0.013205559270833497
auto_freq_scan-20-20-05.csv,19-09-csv,1.1736842105263159,0.7258013418386202,0.002175171446241372,129.04595940747535,0.05665314697425057,-0.9593518415040166,0.030876452263282242
auto_freq_scan-20-22-04.csv,19-09-csv,1.1736842105263159,0.740840577061726,0.0023162466141027458,139.04247185829482,0.06122431161865115,-0.9791148508275007,0.10599349978596313
auto_freq_scan-20-24-04.csv,19-09-csv,1.1736842105263159,0.756957297664627,0.0021390853593387734,149.08175607436252,0.06213447200164217,-0.9439201058087963,0.07826094917889224
auto_freq_scan-20-26-05.csv,19-09-csv,1.1736842105263159,0.7752681497737449,0.0020655533886131503,158.91342587907056,0.07212199820861183,-0.979321027333733,0.05542239304835046
auto_freq_scan-20-28-05.csv,19-09-csv,1.1736842105263159,0.7915090317495737,0.002319569815352191,168.9018413775761,0.07620410657036789,-0.9679811459935904,0.05799619889704325
auto_freq_scan-20-30-05.csv,19-09-csv,1.1736842105263159,0.8064099496048585,0.002257786984754586,178.8646738850504,0.07725768270764613,-0.9754578794324652,0.03223806572403799
auto_freq_scan-20-32-04.csv,19-09-csv,1.1736842105263159,0.8186042593087629,0.002413179114986346,188.80190320104674,0.0771240164156878,-0.9708844011037108,0.04314545316107035
auto_freq_scan-20-34-04.csv,19-09-csv,1.1736842105263159,0.827507824510501,0.002594166648299763,198.64510567736605,0.10123025227059465,-0.9678295941260432,0.031142197340303678
auto_freq_scan-20-36-04.csv,19-09-csv,1.194736842105263,0.0417762091339486,4.053509915403597e-05,9.25358883077133,0.016051811053430235,-0.611174694117878,0.004146516849033894
auto_freq_scan-20-38-04.csv,19-09-csv,1.194736842105263,0.1820755949654688,0.00016720517692225825,19.27934739309974,0.016888310798020202,-0.8077624355408557,0.012260643562026944
auto_freq_scan-20-40-04.csv,19-09-csv,1.194736842105263,0.27395722950212337,0.0005662231705978562,29.296951170165944,0.01664284305249179,-0.8691778629168386,0.008885125359130122
auto_freq_scan-20-42-04.csv,19-09-csv,1.194736842105263,0.3457925708707164,0.000951986772637774,39.302478930114226,0.01704437000556175,-0.9037274163019958,0.00743300352718189
auto_freq_scan-20-46-04.csv,19-09-csv,1.194736842105263,0.434207943218684,0.0015685110195182007,59.1357038919882,0.0338246345837224,-0.9150145086150255,0.039035559664289496
auto_freq_scan-20-48-04.csv,19-09-csv,1.194736842105263,0.4705019051859006,0.0018102745237237384,69.100050923678,0.03445124206311451,-0.9252585985611684,0.023894544409564802
auto_freq_scan-20-50-04.csv,19-09-csv,1.194736842105263,0.50754239344618,0.0017923796712261406,79.11009618397973,0.03983247841046586,-0.938627348443985,0.01681438060705992
auto_freq_scan-20-52-03.csv,19-09-csv,1.194736842105263,0.5406629111115077,0.0018418606149462036,89.12875454983208,0.043976241128673876,-0.9728391067486162,0.035788921120667914
auto_freq_scan-20-54-03.csv,19-09-csv,1.194736842105263,0.5689949497555685,0.0020928794767288645,99.17318469751584,0.04320449751138378,-0.9592317692129702,0.013384502036511524
auto_freq_scan-20-56-03.csv,19-09-csv,1.194736842105263,0.5907823382543844,0.0020640634624450953,109.13992222634477,0.04427667735846803,-0.9597178737378114,0.015221093949194544
auto_freq_scan-20-58-03.csv,19-09-csv,1.194736842105263,0.6107459512137738,0.0021649908125691867,119.13100307137536,0.05124378857192006,-0.9771740049667444,0.019939416888257122
auto_freq_scan-21-00-03.csv,19-09-csv,1.194736842105263,0.6303253435510167,0.0021502020978209535,129.06725426469495,0.058557809591485876,-0.9601893117852629,0.03171247129767512
auto_freq_scan-21-02-03.csv,19-09-csv,1.194736842105263,0.6506922131537528,0.0022046950816294337,139.01733448891503,0.06054960323992648,-0.9728994972961678,0.019019682124525025
auto_freq_scan-21-08-03.csv,19-09-csv,1.194736842105263,0.7098777292454576,0.0020896300424150566,168.91179309693408,0.07339302785853917,-0.986554774269889,0.040906960657983014
auto_freq_scan-21-10-03.csv,19-09-csv,1.194736842105263,0.7229074677283012,0.002183131093437231,178.81843753880966,0.07638328801101733,-0.985111539209776,0.04114099582950329
auto_freq_scan-21-12-02.csv,19-09-csv,1.194736842105263,0.7343295907460228,0.0022846072847558935,188.78650079917094,0.08179857195717681,-0.981304026610681,0.03639897998240837
auto_freq_scan-21-14-02.csv,19-09-csv,1.194736842105263,0.7461324869797756,0.0021965835207324,198.50992156731976,0.10757345391446492,-0.9871310436069825,0.012222060213470413
auto_freq_scan-21-16-02.csv,19-09-csv,1.2157894736842105,0.03408214324659393,4.169872064165837e-05,9.252688322398894,0.0160255954672507,-0.6617705172365148,0.006590671015214181
auto_freq_scan-21-18-02.csv,19-09-csv,1.2157894736842105,0.11801980969086294,8.293121528837782e-05,19.28540298124561,0.016510717738642603,-0.8355056571370416,0.005398453345289973
auto_freq_scan-21-20-03.csv,19-09-csv,1.2157894736842105,0.18594272333195166,0.00019783020992346362,29.288949070649455,0.0167113883698949,-0.893293197010999,0.005851467193264278
auto_freq_scan-21-22-03.csv,19-09-csv,1.2157894736842105,0.24381743861773458,0.00041135791589582386,39.30769063853493,0.016956235066053062,-0.9175504497263058,0.005799470400861154
auto_freq_scan-21-24-03.csv,19-09-csv,1.2157894736842105,0.29212215418830434,0.0007213310667613918,49.2088202745083,0.026362507719896542,-0.9258677977918112,0.02116974623867057
auto_freq_scan-21-26-03.csv,19-09-csv,1.2157894736842105,0.3380793758207296,0.0009495200518053294,59.12639748770618,0.03278095136604065,-0.932685009593294,0.022012256354469996
auto_freq_scan-21-28-03.csv,19-09-csv,1.2157894736842105,0.3796817063483511,0.0011435246452582274,69.10905450590029,0.03357956986579294,-0.9605960093661953,0.018326455587073184
auto_freq_scan-21-34-03.csv,19-09-csv,1.2157894736842105,0.4740317234930238,0.001586390272001926,99.1016275758175,0.04508313524968203,-0.9751547045520146,0.015355713687385275
auto_freq_scan-21-36-03.csv,19-09-csv,1.2157894736842105,0.49984480825527944,0.0015347474212975031,109.14801984632254,0.044792362885957504,-0.9506673661675518,0.10201595317083201
auto_freq_scan-21-38-03.csv,19-09-csv,1.2157894736842105,0.5244948687370176,0.0016579842601398033,119.04622320179787,0.05462564159287137,-0.9775953836518206,0.008714311728364902
auto_freq_scan-21-40-03.csv,19-09-csv,1.2157894736842105,0.5503799943653546,0.0016323425652072525,129.08102710922745,0.05756337840444877,-0.9543355765932033,0.0527316940848565
auto_freq_scan-21-42-03.csv,19-09-csv,1.2157894736842105,0.5748483384015018,0.0018272153053853187,139.03124145009684,0.058557689299343116,-0.9694184000351083,0.026473272082407504
auto_freq_scan-21-44-03.csv,19-09-csv,1.2157894736842105,0.5953425925700453,0.0019108404502971774,148.95876347812535,0.06611720603296078,-0.9922267940665289,0.018071464376829653
auto_freq_scan-21-46-02.csv,19-09-csv,1.2157894736842105,0.613241390530011,0.0018762633772762844,158.89142719623746,0.07605203820822742,-0.9786710344389989,0.035619498304223646
auto_freq_scan-21-48-02.csv,19-09-csv,1.2157894736842105,0.6299602390743496,0.0017933644119132524,168.8667943660288,0.0731769139794865,-0.9846104977221317,0.01846639191648036
auto_freq_scan-21-50-02.csv,19-09-csv,1.2157894736842105,0.6441213599438363,0.0019139926882467127,178.80981612629674,0.07455047857626289,-0.9611530994355183,0.06799200986049789
auto_freq_scan-21-52-02.csv,19-09-csv,1.2157894736842105,0.6592893904873525,0.0018150913116079998,188.69121844529434,0.09592196374971766,-0.985473839789147,0.019576627049584624
auto_freq_scan-21-54-02.csv,19-09-csv,1.2157894736842105,0.6759576750597406,0.0020134033870023694,198.53651197475028,0.108183050116661,-0.9851704473498306,0.008049264613679831
auto_freq_scan-21-58-02.csv,19-09-csv,1.236842105263158,0.08855083118093413,3.679861066159187e-05,19.277131590231743,0.01660086908340469,-0.8539881007517317,0.004925825151285685
auto_freq_scan-22-00-02.csv,19-09-csv,1.236842105263158,0.1409660615641481,9.217417322060023e-05,29.284104737003886,0.01634928438658946,-0.9023420367176477,0.005969006449867739
auto_freq_scan-22-02-02.csv,19-09-csv,1.236842105263158,0.18833506121468288,0.00022375500981263447,39.29724748728924,0.01663721495520227,-0.9281529323051221,0.007219402870354949
auto_freq_scan-22-04-02.csv,19-09-csv,1.236842105263158,0.23197251706447575,0.0003305302386350707,49.153247051005444,0.028897374906365028,-0.9217599380046648,0.02111810112648017
auto_freq_scan-22-06-02.csv,19-09-csv,1.236842105263158,0.2711937583287787,0.0005487516039358395,59.093834125678804,0.03311767553142764,-0.9425093901380078,0.018082153745707173
auto_freq_scan-22-10-02.csv,19-09-csv,1.236842105263158,0.33769953593362867,0.0009128923725353519,79.11834303905336,0.03898691433292241,-0.9565205999214625,0.045868209855946036
auto_freq_scan-22-12-02.csv,19-09-csv,1.236842105263158,0.3697200873898064,0.0012997279186146645,89.11964481890307,0.043407765555985287,-1.0148867139929483,0.032716788646129535
auto_freq_scan-22-14-02.csv,19-09-csv,1.236842105263158,0.39954022756446067,0.001295716317003147,99.14291145217021,0.04471238500290492,-0.9799682761423181,0.05860056482818658
auto_freq_scan-22-16-01.csv,19-09-csv,1.236842105263158,0.43013255979870346,0.0014508792419910743,109.09071596674983,0.045709448725016165,-0.9633637492560272,0.03725688566805383
auto_freq_scan-22-18-02.csv,19-09-csv,1.236842105263158,0.4573342280463,0.0015719152672077144,119.06970574077224,0.05710381063912238,-0.9806191819925277,0.04550018822230275
auto_freq_scan-22-20-01.csv,19-09-csv,1.236842105263158,0.48100343070766977,0.0015851198484435405,129.04537669956966,0.058696264368333195,-0.9566942832357498,0.019308593239256926
auto_freq_scan-22-22-01.csv,19-09-csv,1.236842105263158,0.5023740117296895,0.0016254362906554343,139.02959836952977,0.06208021094677688,-0.9824307431936469,0.020345566144926167
auto_freq_scan-22-24-01.csv,19-09-csv,1.236842105263158,0.5219087712870663,0.001656279453367557,148.93985535389405,0.06812935088309482,-0.9835320788951962,0.052398017894678926
auto_freq_scan-22-26-01.csv,19-09-csv,1.236842105263158,0.5395898202276209,0.0017597096148841195,158.8296541252287,0.07098872662552505,-0.990621942578937,0.025824271241869545
auto_freq_scan-22-30-01.csv,19-09-csv,1.236842105263158,0.5796838287698765,0.0017507016062231543,178.84010870800017,0.07698800514878253,-1.0129327790556184,0.019157048460328507
auto_freq_scan-22-34-02.csv,19-09-csv,1.236842105263158,0.614654610001713,0.001646132104908826,198.5023056421107,0.1105819526068315,-0.997285795464298,0.007098505477657692
auto_freq_scan-22-36-02.csv,19-09-csv,1.2578947368421054,0.02751752504205091,4.546871820007807e-05,9.246595137833767,0.01623669249779023,-0.7420181650567502,0.0065146797334829434
auto_freq_scan-22-38-01.csv,19-09-csv,1.2578947368421054,0.07179027891966061,3.4355422507804715e-05,19.272829530244508,0.01648640355567683,-0.8594826147469252,0.004101933183574609
auto_freq_scan-22-40-01.csv,19-09-csv,1.2578947368421054,0.1130582051704113,5.664768426735873e-05,29.291077719139327,0.016755185130077375,-0.9080458350467803,0.0054025852269665026
auto_freq_scan-22-42-01.csv,19-09-csv,1.2578947368421054,0.15099876341144866,0.0001029155900516353,39.31071733900311,0.01668114740386398,-0.9303138861112761,0.00691935446621628
auto_freq_scan-22-44-01.csv,19-09-csv,1.2578947368421054,0.18724024268388167,0.00018031331777418444,49.183177838462356,0.03129484432950346,-0.9362648383825826,0.012270420287946933
auto_freq_scan-22-46-01.csv,19-09-csv,1.2578947368421054,0.22180969767472297,0.00029686426790623385,59.11135314142761,0.03313748100064994,-0.9367359136182513,0.016918067800415312
auto_freq_scan-22-48-01.csv,19-09-csv,1.2578947368421054,0.25409241996956994,0.00041000048432437655,69.09138684159787,0.03731389139645771,-0.9579745565024609,0.025542666028459782
auto_freq_scan-22-50-01.csv,19-09-csv,1.2578947368421054,0.2850764574515622,0.0005853147491614248,79.065440993715,0.040752907660268976,-0.9745829438612065,0.020640845254697938
auto_freq_scan-22-52-01.csv,19-09-csv,1.2578947368421054,0.3173362743716559,0.0008959337839455117,89.1023500171222,0.04345749216511729,-0.9827014654120578,0.010347988860405796
auto_freq_scan-22-54-02.csv,19-09-csv,1.2578947368421054,0.3451568529013011,0.0009552511341234722,99.20205947892083,0.044935337102570264,-0.982569078040547,0.05132477093505501
auto_freq_scan-22-56-02.csv,19-09-csv,1.2578947368421054,0.37125280050069154,0.0012188166164751688,109.09496670938317,0.04635042850137689,-0.9840436306016956,0.00999777804260883
auto_freq_scan-22-58-02.csv,19-09-csv,1.2578947368421054,0.3943939691544991,0.001239520447897215,119.03444441134887,0.056616858223134975,-0.9776606246712192,0.02901023167537766
auto_freq_scan-23-00-02.csv,19-09-csv,1.2578947368421054,0.4184363175776027,0.0013973827643547051,129.03656327591304,0.059827226912685494,-0.9882398268581202,0.02230599563553961
auto_freq_scan-23-02-02.csv,19-09-csv,1.2578947368421054,0.4399336050073669,0.0013547647630498707,138.98158040489102,0.06036170743440315,-0.9895678616649067,0.007859851828113362
auto_freq_scan-23-04-01.csv,19-09-csv,1.2578947368421054,0.46239511084912777,0.0015261636688622534,148.88443720170682,0.07052083422236612,-0.968237408654335,0.015206409845548994
auto_freq_scan-23-06-02.csv,19-09-csv,1.2578947368421054,0.48437729736679874,0.0016449725832027291,158.856649251064,0.07402751712612578,-0.988099616168956,0.003829474532755506
auto_freq_scan-23-08-02.csv,19-09-csv,1.2578947368421054,0.5045478704409749,0.0017432959443534138,168.88371003381715,0.07468106498618099,-0.9910264032077031,0.011312415134474224
auto_freq_scan-23-10-01.csv,19-09-csv,1.2578947368421054,0.5235445008598235,0.001734987370601127,178.7065593426769,0.07812903524361872,-1.0042958844425922,0.016409610516650183
auto_freq_scan-23-12-01.csv,19-09-csv,1.2578947368421054,0.5382632150092617,0.001829186633566246,188.519066309326,0.1038473579110545,-1.0035515886358324,0.008392471348359914
auto_freq_scan-23-14-01.csv,19-09-csv,1.2578947368421054,0.5540379828694523,0.00174214520238206,198.43441483204063,0.11216990811929932,-0.987275343303999,0.026150597979463147
auto_freq_scan-23-16-01.csv,19-09-csv,1.2789473684210526,0.02650393020099103,3.0197849709414242e-05,9.246987328075283,0.016104029100572414,-0.7959309360608408,0.0073094561999473675
auto_freq_scan-23-18-01.csv,19-09-csv,1.2789473684210526,0.061096561452318704,3.938598859255024e-05,19.279879924009585,0.01655221033080885,-0.8820691961575943,0.0052635894453787095
auto_freq_scan-23-20-01.csv,19-09-csv,1.2789473684210526,0.09524523984008378,4.179005782009252e-05,29.289207409779852,0.016672054797818515,-0.9146510403918509,0.005768615704936297
auto_freq_scan-23-22-01.csv,19-09-csv,1.2789473684210526,0.12835022809710558,5.967910597678408e-05,39.310696595954035,0.01696739940943762,-0.9382584934911649,0.0048067125583653334
auto_freq_scan-23-24-01.csv,19-09-csv,1.2789473684210526,0.1589147073099177,0.00012154449019505789,49.141211721835255,0.03146592644410557,-0.9441560448430097,0.011618740756964825
auto_freq_scan-23-26-01.csv,19-09-csv,1.2789473684210526,0.1891174947492206,0.0001814947480653934,59.144016863983154,0.03305960205525464,-0.9561668780658378,0.010599675336049138
auto_freq_scan-23-28-01.csv,19-09-csv,1.2789473684210526,0.21770853593579134,0.0002844320190528016,69.09680314151456,0.03817165273695512,-0.9640706005523982,0.009763653831959512
auto_freq_scan-23-30-01.csv,19-09-csv,1.2789473684210526,0.24455239724914604,0.00046153349799190767,79.07828391328522,0.04086867837418898,-0.9690960353219449,0.012111261316342603
auto_freq_scan-23-32-01.csv,19-09-csv,1.2789473684210526,0.27172656603674644,0.0005764707878423321,89.13283816916913,0.040917471343411796,-0.9861740508757187,0.01578255444283764
auto_freq_scan-23-34-00.csv,19-09-csv,1.2789473684210526,0.29755280438006415,0.0007443761922529561,99.19377103385686,0.04489440888612789,-0.9846799829117233,0.041014717209862286
auto_freq_scan-23-36-00.csv,19-09-csv,1.2789473684210526,0.32391348474676845,0.0008688937269615861,109.12755371527226,0.04783270539469116,-0.9788205473508937,0.019098654913719176
auto_freq_scan-23-38-00.csv,19-09-csv,1.2789473684210526,0.3488638445645664,0.0009526996702278764,119.0687631220854,0.057831454294087495,-0.989162531448083,0.0053338840841134095
auto_freq_scan-23-40-00.csv,19-09-csv,1.2789473684210526,0.3726979953251849,0.0010518965255404938,129.00868796369434,0.06125597686162238,-0.986450303152945,0.03909983688563545
auto_freq_scan-23-42-00.csv,19-09-csv,1.2789473684210526,0.3951662337130356,0.0012317368438318698,139.02964519364264,0.06397952105677499,-1.0081395614580242,0.010410093385946352
auto_freq_scan-23-44-00.csv,19-09-csv,1.2789473684210526,0.41578062713076175,0.0012552264465897501,148.8841798029308,0.07219162948553462,-0.9880424244220234,0.013700666088000838
auto_freq_scan-23-48-00.csv,19-09-csv,1.2789473684210526,0.4522703893646156,0.0016097826745022662,168.82976137723387,0.07432604366317792,-0.9968259094072709,0.02413342211736297
auto_freq_scan-23-50-00.csv,19-09-csv,1.2789473684210526,0.4699800176783346,0.0016346270218309306,178.6864648798517,0.08822799635828107,-0.9947172425780918,0.011259771736589977
auto_freq_scan-23-52-01.csv,19-09-csv,1.2789473684210526,0.4869481217073616,0.001583760371944006,188.50100037985754,0.11036010948673805,-0.9994905007345462,0.0054954736012597614
auto_freq_scan-23-54-00.csv,19-09-csv,1.2789473684210526,0.5046368470756674,0.001560499387816797,198.43553906782626,0.11226471569755642,-0.9989859542316893,0.005924735701694706
auto_freq_scan-23-56-00.csv,19-09-csv,1.3,0.02191050914170582,3.4298686381020484e-05,9.217830833648406,0.01599694647245264,-0.7871210757923859,0.004553595504469856
auto_freq_scan-23-58-00.csv,19-09-csv,1.3,0.0525928950909773,3.987186212277351e-05,19.3047002679913,0.016428729632350977,-0.8828098193011955,0.004858144257214779
auto_freq_scan-00-00-00.csv,20-09-csv,1.3,0.08231256284278832,5.392644304406931e-05,29.306268279984575,0.015772844197589245,-0.9190247158464033,0.0030007611789593597
auto_freq_scan-00-02-00.csv,20-09-csv,1.3,0.11318124573912276,8.469621576156204e-05,39.38455351783068,0.0159457984542464,-0.9418297550872881,0.00432158779693272
auto_freq_scan-00-04-00.csv,20-09-csv,1.3,0.13792366433354367,8.562770306513923e-05,49.1428009466896,0.03163747545453599,-0.9466302188174425,0.009968926389296872
auto_freq_scan-00-06-00.csv,20-09-csv,1.3,0.16540463398230457,0.0001303412829133993,59.131799452430265,0.031732620062194995,-0.9576607915201722,0.005162827055648784
auto_freq_scan-00-08-00.csv,20-09-csv,1.3,0.1907267720093289,0.0002530638858158695,69.1054809831455,0.036863298589437196,-0.9688984626001766,0.005939112648892249
auto_freq_scan-00-10-00.csv,20-09-csv,1.3,0.2161344138553049,0.0003220412931287017,79.06088966272775,0.040279681001612715,-0.9698152729278129,0.03770647439301172
auto_freq_scan-00-12-00.csv,20-09-csv,1.3,0.24199115729775675,0.0004548282111714156,89.11341288816394,0.04235421337651114,-0.9756892510402629,0.037803968377499386
auto_freq_scan-00-14-00.csv,20-09-csv,1.3,0.2656562760368479,0.0004991551220867401,99.15070271520968,0.04306469635731662,-0.9751364859453564,0.01921788559103569
auto_freq_scan-00-16-00.csv,20-09-csv,1.3,0.2879481338643032,0.0004985280885210625,109.11302072967847,0.05052258801427421,-0.9741978118812326,0.010776041161438675
auto_freq_scan-00-18-00.csv,20-09-csv,1.3,0.30975411131355696,0.0008542810504970441,119.02501171010164,0.05766744879700536,-0.9786695205661049,0.0185456025998704
auto_freq_scan-00-20-00.csv,20-09-csv,1.3,0.3316964208108266,0.0008635721593009783,128.99302376409426,0.060058056870718454,-1.0049102094267421,0.017220363332088734
auto_freq_scan-00-22-01.csv,20-09-csv,1.3,0.35228759633289813,0.0009358118102879412,138.91219772372511,0.06499098802992496,-0.9896955087233333,0.005408622138127791
auto_freq_scan-00-24-00.csv,20-09-csv,1.3,0.37268286160396197,0.0010662144802471875,148.82300831133244,0.07376001498630338,-0.9848692201060021,0.04306481103013843
auto_freq_scan-00-26-00.csv,20-09-csv,1.3,0.39236117719510183,0.0012107093114632444,158.88160760367194,0.07443298646052116,-1.0113379762670955,0.009968661073001955
auto_freq_scan-00-28-00.csv,20-09-csv,1.3,0.4119774958423105,0.0012579434102040054,168.74448589978275,0.07410965150702052,-1.0013499926753526,0.00848004416254645
auto_freq_scan-00-30-00.csv,20-09-csv,1.3,0.43070878645273264,0.0012234951417836681,178.59524591489313,0.09948685547010488,-0.992182223770993,0.0060267869481045
auto_freq_scan-00-32-00.csv,20-09-csv,1.3,0.44769339881001174,0.0012243932032359622,188.43182766705002,0.10983583239603155,-1.0001514565077272,0.008257211723952924
auto_freq_scan-00-34-00.csv,20-09-csv,1.3,0.4642254391469136,0.0012465148938604817,198.37985605701607,0.11109603269073832,-0.9980732402985336,0.004477572562319082
auto_freq_scan-11-38-22.csv,wrong_fit_csv,0.9,0.09462293644665029,8.933980479371871e-05,119.14483321807343,0.04849192215829038,-0.053379866788792925,0.0023030228135632875
auto_freq_scan-12-22-20.csv,wrong_fit_csv,0.9210526315789473,0.12442896465123013,9.883700216262653e-05,139.19090455610262,0.04432474216952118,-0.049808983294135356,0.002707836309702497
auto_freq_scan-12-40-20.csv,wrong_fit_csv,0.9421052631578948,-0.025177798798966988,2.8469715060471007e-05,29.291268894881437,0.016824445169780995,-0.13317360792606966,0.0033760065308915555
auto_freq_scan-12-42-20.csv,wrong_fit_csv,0.9421052631578948,-0.03581664806301915,3.094441320461784e-05,39.30723918108801,0.016728699004981442,-0.11309252638425987,0.0020676950695260204
auto_freq_scan-12-46-20.csv,wrong_fit_csv,0.9421052631578948,-0.0417,0.0005671111189489123,59.29722596364745,0.025674296745993634,-0.09898090558010034,0.0015080237788367673
auto_freq_scan-16-20-10.csv,wrong_fit_csv,1.0473684210526315,0.2931984255361785,0.0005493143909347453,129.14066391551341,0.0455192907415571,-0.06409847822716111,0.00966190479295432
auto_freq_scan-16-56-09.csv,wrong_fit_csv,1.068421052631579,0.31270822551060307,0.0006801173926166364,109.16261638731063,0.042791917829896414,-0.06912791791675317,0.009178978327756259
auto_freq_scan-17-06-08.csv,wrong_fit_csv,1.068421052631579,1.3266000000000002,0.009479792807500416,159.05576215767218,0.061737413745884484,-0.7033638538321464,0.24675932775834483
auto_freq_scan-17-28-07.csv,wrong_fit_csv,1.0894736842105264,0.2514077488217071,0.0003432718935011063,69.12498389624986,0.03357391407429352,-0.12425939787984894,0.04501692078703088
auto_freq_scan-17-38-07.csv,wrong_fit_csv,1.0894736842105264,1.1241,0.006708786676227656,119.21947956033414,0.04715599597087025,-0.8309503407251938,0.08241499398840026
auto_freq_scan-17-52-07.csv,wrong_fit_csv,1.0894736842105264,1.1809,0.005303343470090564,189.0310178636451,0.07505492014339064,-0.9172733451146887,0.0474537196445992
auto_freq_scan-18-16-06.csv,wrong_fit_csv,1.1105263157894738,1.0060000000000002,0.004161082454666575,109.1291805144172,0.04468014713525157,-0.8594329578808653,0.3309815302020934
auto_freq_scan-19-02-07.csv,wrong_fit_csv,1.131578947368421,0.9584000000000001,0.0031013550741658545,139.08678347991614,0.058731424209453265,-0.9192494752727094,0.0682922347018034
auto_freq_scan-19-12-06.csv,wrong_fit_csv,1.131578947368421,1.0060000000000002,0.0037034590293476555,188.8991917221771,0.07617167393509225,-0.9353951767991344,0.09526994872597674
auto_freq_scan-19-46-05.csv,wrong_fit_csv,1.1526315789473685,0.8633000000000002,0.0027904511781402567,158.97507424673242,0.06785217149769433,-0.9576142781144362,0.03833420142557437
auto_freq_scan-19-58-04.csv,wrong_fit_csv,1.1736842105263159,0.3396520488977345,0.0010200721536888265,19.28297747875094,0.016544858784892685,-0.7125236697727643,0.03963980623575912
auto_freq_scan-20-44-04.csv,wrong_fit_csv,1.194736842105263,0.3976351096479153,0.001326916267345935,49.23556957918912,0.022961822725160234,-0.922855243310113,0.026104788322247552
auto_freq_scan-21-04-03.csv,wrong_fit_csv,1.194736842105263,0.6747000000000002,0.002117258465706573,148.99588088185527,0.06364713661409892,-0.9900313943783584,0.01639740843944089
auto_freq_scan-21-06-03.csv,wrong_fit_csv,1.194736842105263,0.7053000000000001,0.0023939962217657614,158.85549637496885,0.07197334044306704,-0.9720722599266878,0.015675177878364137
auto_freq_scan-21-30-03.csv,wrong_fit_csv,1.2157894736842105,0.41660355176135777,0.0015026089813263324,79.07748229754411,0.04196448350742331,-0.9495335493375123,0.025988706492448624
auto_freq_scan-21-32-03.csv,wrong_fit_csv,1.2157894736842105,0.44735670140115774,0.0015927182937190256,89.122343067764,0.042602809340668055,-0.9665250581779122,0.08220387559783514
auto_freq_scan-21-56-02.csv,wrong_fit_csv,1.236842105263158,-0.032072887978996704,4.698835137810782e-05,9.254235041578157,0.01591398081309632,-0.7286152356564404,0.006725426030129123
auto_freq_scan-22-08-02.csv,wrong_fit_csv,1.236842105263158,0.30614975829690017,0.0007643774781888285,69.0546167456288,0.036247275444791144,-0.9566923054333396,0.14097538755662317
auto_freq_scan-22-28-01.csv,wrong_fit_csv,1.236842105263158,0.559261601139651,0.0017692706566663655,168.860775259413,0.07395823214835232,-1.0260442945515467,0.043995366879127126
auto_freq_scan-22-32-02.csv,wrong_fit_csv,1.236842105263158,0.5968328844141331,0.0018625904673468324,188.5534330919766,0.10477503674913052,-0.9953054776194511,0.04496058349016844
auto_freq_scan-23-46-00.csv,wrong_fit_csv,1.2789473684210526,0.43296682645292317,0.0014564650046513363,158.87664131925865,0.07285233899473825,-0.96874182411205,0.054240113244913894
